policy,length,trials,solved,failRate,avgAttempts,avgTimeMs,avgFinalS_whenFailed
composite,4,200,194,0.030000,3.0515,1232.88,14.67
composite,5,200,199,0.005000,2.9950,1484.55,4.00
pure-eig,4,200,197,0.015000,3.5990,1227.52,6.67
pure-eig,5,200,198,0.010000,3.3788,1475.95,2.50
unique-letters,4,200,151,0.245000,2.8146,16.77,12.49
unique-letters,5,200,161,0.195000,3.3416,63.83,4.13
