{
  "a": 0.3402067475864736,
  "b": 0.0006506322550430766,
  "c": 0.0010209505050350165,
  "d": 0.0015610383454192035,
  "e": 0.0009226453085998198,
  "f": 0.0005157011780253983,
  "g": 0.0004063688347481641,
  "h": 0.000380982161523913,
  "i": 0.605139464039845,
  "j": 0.00036895530081982263,
  "k": 0.00022645063393810758,
  "l": 0.035094622186414626,
  "m": 0.0013319221048523646,
  "n": 0.0006860160668878563,
  "o": 0.002380803712302539,
  "p": 0.0003651685058878043,
  "q": 0.0003232714067599531,
  "r": 0.00042512104325151905,
  "s": 0.003244859432710761,
  "t": 0.002104428270984111,
  "u": 0.0003500213261597308,
  "v": 0.00020609282438357684,
  "w": 0.0002677418458768358,
  "x": 0.0002978241448167897,
  "y": 0.0013840284031169372,
  "z": 0.00013814257612343933
}
