{
  "aaaaaaaaaaaaahhhhhhhhhhhhhh": 0.03172321202887116,
  "absolutlypositivlydefinitly": 0.010666999820001652,
  "administereddiphenhydramine": 0.011022901447737665,
  "ahhhhhhhhhhhhhhhhhhhhhhhhhh": 0.024037445208154495,
  "andthecallwasfromthisoffice": 0.010670046692320138,
  "anithinginmylifeunequivocal": 0.010667401304596341,
  "aregoingtostaythereverylong": 0.01113407396173489,
  "areyouexcitedcauseimexcited": 0.010668607623386424,
  "auringonottoparvekkeellamme": 0.0106702514701998,
  "believetheirspokentestimony": 0.010819211135049437,
  "bismillahhirrahmannirrahhim": 0.01071130234843257,
  "bringthecowboystotheindians": 0.011157801420590065,
  "christbyhighestheavenadored": 0.010692728645599656,
  "cootchiecootchiecootchiecoo": 0.010669562442103667,
  "counterrevolutionariesinthe": 0.01071394030724615,
  "daaaaaaaaaaaaaaaaaaaaaaaamn": 0.04515741259026076,
  "definitiveneverbeensosureof": 0.010666721747959627,
  "eastrivershorelineandadvise": 0.010980863485833752,
  "electroencephalographically": 0.01069908463084351,
  "evenifmaggiegetsthecarright": 0.01067258716215198,
  "filledupbeforelwenttolondon": 0.010689938551636963,
  "floxinoxinihilipilification": 0.022858858179463114,
  "frequencyidentificationwill": 0.010667256235962815,
  "frightenedchildatamtraksite": 0.010976030858743423,
  "girlfriendswithstretchmarks": 0.010667672190509717,
  "godishniyatfizikgeorganders": 0.010667846596325794,
  "gogogogogogogogogogogyogyuh": 0.010667774346595112,
  "hehadjustbeennamedprincipal": 0.010666677315287155,
  "hissyoxyillammochogannatoss": 0.010667910695677215,
  "honorificabilitudinitatibus": 0.010667947380677325,
  "howfaristhebedfromthewindow": 0.010666805147986918,
  "ifithadbeenanybodyelsebutme": 0.010667597636731007,
  "ihadalittleprofessionalhelp": 0.011390624660666404,
  "ijustsimplycallyoutovillage": 0.010666777715137032,
  "inexpertlycoordinatedshades": 0.010913147762302292,
  "ingorsveganbrunkebaiscattan": 0.011174858416943951,
  "itjustmadeadifferentoutline": 0.01066800309759909,
  "ivebeeninhermouthallmorning": 0.023224255226295745,
  "iwanttocheckthewordingagain": 0.010668059904166914,
  "lemoplathinominecatholyrite": 0.011129226307634525,
  "liragirilaliusuzaligatowaah": 0.010704834793012907,
  "longggggggggggggggggggggggg": 0.010666666789244874,
  "lookingforyourbrotherjavier": 0.010668378535646991,
  "methylenedioxyphenylacetone": 0.03531551696642521,
  "milligramsmethylpredasolone": 0.010667449854595036,
  "onamatterofnatlonalsecurity": 0.010671605854790203,
  "ooooooooooooooooooooaaaaaah": 0.020082922457797997,
  "otherusesforhotwheelstracks": 0.010724372336606862,
  "peckapolkapurplepeopleeater": 0.01066680347330855,
  "phuwiangosaurussirindhornae": 0.01082669774369265,
  "proclaimedtheirmalefactions": 0.020145307589333597,
  "psychophysiolicalstandpoint": 0.010667781970820288,
  "punismentforyourwrongdoings": 0.01066788503269069,
  "reallyallabouthelpingpeople": 0.010669930039352004,
  "rotondificapidudinigrazione": 0.010754161256546697,
  "rreeessppouonssibbbilityyyr": 0.01066667408165554,
  "shachahmahahfalimitahlicchl": 0.011019054359544594,
  "shortfrontlinedocumentaries": 0.010704014946113498,
  "somekindofaserialnumbercame": 0.01067053987968552,
  "sssssssssssssssssshhhhhhhhh": 0.010676088827211492,
  "supercalifragilisticexpiali": 0.010667181071495847,
  "swwupercaleefrageliisticexx": 0.010667657204321519,
  "theyhaventbroughtsuppliesin": 0.01066854134268758,
  "underdevelopedgirlsoverhere": 0.010666973773913199,
  "verylargeindoorswimmingpool": 0.010668069155604334,
  "wasthinkingthatmaybethatman": 0.010721834565867434,
  "whichpinkiepiesaysicantjust": 0.010671821081170912,
  "whoistheculpritthatspokeill": 0.011159584029396315,
  "withyourgreatbigstripeytoes": 0.01067116704650837,
  "yesyesyesyesyesyesyesyesyes": 0.010668973899873164,
  "zhaaaaaaaaaaaaaaaaaaaaaaaan": 0.11056208634166878
}
