{
  "acimadequalquerbelezadelicada": 0.019512202190460515,
  "correctomundomisinusacouscous": 0.019512260322990575,
  "cyclotrimethylenetrinitramine": 0.019512615155407902,
  "egzegiasbalifubalimasogiatomi": 0.01951222317605646,
  "floccinaucinihilipilification": 0.039125209185821797,
  "gooooooooooooooaoaoaaaaaaaaal": 0.020075969569720287,
  "havedonethisbecauseofmyfamily": 0.019512897745880286,
  "hedecidedfirstjobandthengauri": 0.019514709728418483,
  "heorderedthatwherevertheyfind": 0.019571606628902144,
  "hexakosioihexekontahexaphobia": 0.019512585057603,
  "hexanitrophenylmethylnitramin": 0.019512386030459357,
  "hippopotomonstrosesquipedalio": 0.019512220244294297,
  "ifyoufallinyouremptyforestand": 0.01951247846405253,
  "iwonderedifyoucouldcoverforme": 0.0195132607355745,
  "manyofthemdrivingpowerfulcars": 0.01951226812938977,
  "marriedwithoutthesacredthread": 0.019561231814366087,
  "methylenedioxymethamphetamine": 0.180303728908125,
  "methylphenidratehydrochloride": 0.04427754684581824,
  "miiiiiiiiiiiiiiinnnnnnnnnnnnn": 0.019514015203595452,
  "ooooooooooooooooooooooooooooh": 0.019842163444224074,
  "overhearyournerdlypredicament": 0.01951298152457418,
  "posititochadochmecochepopocha": 0.019512198251456517,
  "secretsanddiscontentliehidden": 0.019512391472328226,
  "staceeeeeeeeeeeeyyyyyyyyyyyyy": 0.019512235361906223,
  "stalinofskivitchdavitovichski": 0.01951219695960058,
  "thenitmusthavebeenathirdparty": 0.019512781716879087,
  "therehasbeenfourcrankcallfrom": 0.019512400490927714,
  "thesovietdelegatearealreadyon": 0.019515232145579327,
  "typographicalerrororsomething": 0.01951292964959414,
  "vikramadithyanmvikramadithyan": 0.1108643957275956,
  "vrbovskyhadsomeonenamedraluca": 0.019512243918375957,
  "wathanceyherapmibamnashulakha": 0.019513916011574192,
  "whetherornothegoestothepolice": 0.019514958909085573,
  "willchaseyououtfromtamilnaadu": 0.019515015457159935,
  "withintwomilesofyourfrontdoor": 0.019525675496856375,
  "withoutthematrixtherelsnohope": 0.019514868325346147
}