{
  "clingingonfordearlifetoeverytinydetail": 0.034782608695652174,
  "everandeverandeverandeveraneverandever": 0.034782608695652174,
  "gogerychwyrndrobwllllantysiliogogogoch": 0.034782608695652174,
  "iiiiiiiiiiiiiiiiiiiiiiiiiiiiiiiiiiiiii": 0.8260869565217391,
  "mydaughtertoforeverassociatemewithpain": 0.034782608695652174,
  "yippeeeeeeeeeeeeeeeeeeeeeeeeeeeeeeeeee": 0.034782608695652174
}