{
  "aaaaaaaaaaaaaaaaaaaaaahhhhhhhhhh": 0.06153846247950389,
  "biubibiuibuiubuibiuuuaaaaaahhhhh": 0.06153846161460982,
  "llanfairpwllgwyngyllgogerychwyrn": 0.3841216945156132,
  "mayilvagananymoreforconstruction": 0.06153846262427962,
  "munkmunkchipchipchipchipmunkchip": 0.06153846154039986,
  "rmdbokhowstxevlinkstfxeotfaereye": 0.061538461540750225,
  "soooooooorrrrrrrrrryyyyyyyyyyyyy": 0.0615384615616027,
  "telephonedameliaontuesdaymorning": 0.061538461556592074,
  "thankyouthankyouthankyouthankyou": 0.12357061101523717,
  "wongwongwongwongwongwongwongwong": 0.06153846155141193
}
