{
  "alloweddddddddddddddddddddddddddddddd": 0.49999999999999983,
  "lepodotemaceselacogaleocranieleipsona": 0.49999999999999983
}
