{
  "andiwannagetmycutiemarkbutimnogood": 0.03636363636363636,
  "badinfluenceanyoneneverlistensmyoh": 0.03636363636363636,
  "becauseherodethebikebeforethewomen": 0.03636363636363636,
  "butyouforgetmeagainterribleunknown": 0.03636363636363636,
  "conmassaggioturcoeginnasticabolero": 0.03636363636363636,
  "deadgggggggggggggggggggggggggggggg": 0.03636363636363636,
  "gotothepartyifidonthavemycutiemark": 0.03636363636363636,
  "isopropylmethylphosphonofluoridate": 0.03636363636363636,
  "ittrapsallitcantocarryittoilsrools": 0.03636363636363636,
  "supercalifragilisticexpealidocious": 0.056363636363636414,
  "supercalifragilisticexpialidocious": 0.6163636363636366
}
