{
  "andiwannagetmycutiemarkbutimnogoodat": 0.17068989025378917,
  "hippopotomonstrosesquippedaliophobia": 0.1446299561460789,
  "nobodycangetthejobdonefasterthanlcan": 0.16001658827651552,
  "nooooooooooooooooooooooooooooooooooo": 0.25536475260681935,
  "polyoxybenzylmethylenglycolanhydride": 0.13507624085301412,
  "riiiiiiiiiiiiiiiiiiiiiiiiiiiiiiiight": 0.13422257186378272
}