{
  "hippopotomonstrosesquipedaliophobia": 0.15169925240668045,
  "keklumenokyclepkosyfotoperisteralek": 0.13616693227607835,
  "llanfogwhyllwhylantysiliogogogogola": 0.1639431984555787,
  "ofpoliticallymotivatedbankrobberies": 0.19406719270286715,
  "thinkthinkthinkthinkthinkthinkthink": 0.16977364895505395,
  "triumupotrimatosifioparaomelitokata": 0.1843497752037418
}