{
  "agaaaaaaaaaaaaaaaaaaaaaaaaaain": 0.023531275051371595,
  "assholescumbagpricksonofabitch": 0.023529411805611012,
  "beinaheleidenschaftsgegenstand": 0.2694950622296543,
  "bprrrrrrrrrrrrrrrrrrrrrrrrrrrr": 0.023529411781865787,
  "ccoormmrmmissssssssioonneeeerr": 0.02352941384105438,
  "couldhavetoldherwhatwasgoingon": 0.023529422163599916,
  "cyclotrimethyleentrinitroamine": 0.023529532004159765,
  "diphenylpicrincyanicchlorasine": 0.023529496047505084,
  "fitttttttttttttttttttttttttttt": 0.023529412116403428,
  "flippidyhoodledoopfazzlebazzle": 0.023529411892240268,
  "haveunnecessarilymisunderstood": 0.023529414206139625,
  "hellohellohellohellohellohello": 0.023635211746433196,
  "itwasapitywemissedyoulastnight": 0.023529411779225802,
  "jaundicedlopearedpotbelliedpig": 0.02352943715274208,
  "jeelojeelojeelojeeloheartfully": 0.02353017697842786,
  "killawallazallawallakillazella": 0.04788378272169505,
  "lifiagraphiphonideliverberator": 0.023529412509021512,
  "marcosivellaunivironmandiboule": 0.04707349013282517,
  "moderncivilizationwasunleashed": 0.023529538996857825,
  "morefollowersthananyotherhuman": 0.023529411946300125,
  "moveitmoveitmoveitmoveitmoveit": 0.02352942966243443,
  "onehourofincessantweepinglater": 0.023529411955518536,
  "oooobiaiiaiaiaiaiaiaiaiaiaiaia": 0.02356507239225193,
  "otherwaystogetpowerfromthegrid": 0.02352941572472892,
  "suggesteveryoneshouldmakeclear": 0.023529411766908852,
  "tickletickletickletickletickle": 0.023529444284899788,
  "translatemobileprivacyhelpsend": 0.0471678060523633,
  "wasthemainwitnessagainstmaggie": 0.023529441077581897,
  "whatarewegonnadowhenthisisover": 0.02352942998017801
}
