{
  "atsellinapplesorhangglidinormakincupcakes": 0.49999999999999983,
  "iveneverbeensoexcitedwellexceptforthetime": 0.49999999999999983
}