{
  "classwillbethereandtheyallhavecutiemarks": 0.1600000020628849,
  "niiiiiiiiiiiiiiiiiiiiiiiiiiiiiiiiiiiiick": 0.16000000123773095,
  "ohmygoshohmygoshohmygoshohmygoshohmygosh": 0.5199999954616527,
  "schwarzenweisengreenenbluenbraunenburger": 0.16000000123773095
}