{
  "andifhethinkshecanscareyouthenhesgotanotherthink": 0.49999999999999983,
  "xxxxxxxxxxxxxxxxxxxxxxxxxxxxxxxxxxxxxxxxxxxxxxxx": 0.49999999999999983
}
