{
  "chargoggagoggmanchauggagoggchaubunagungamaugg": 0.49999999999999983,
  "pneumonoultramicroscopicsilicovolcanoconiosis": 0.49999999999999983
}