{
  "buthowcanigotothepartyifidonthavemycutiemark": 0.39357021996615843,
  "goshohmygoshohmygoshohmygoshohmygoshohmygosh": 0.3123519458544839,
  "ohmygoshohmygoshohmygoshohmygoshohmygoshohmy": 0.29407783417935723
}