{
  "lengths": [
    1,
    2,
    3,
    4,
    5,
    6,
    7,
    8,
    9,
    10,
    11,
    12,
    13,
    14,
    15,
    16,
    17,
    18,
    19,
    20,
    21,
    22,
    23,
    24,
    25,
    26,
    27,
    28,
    29,
    30,
    31,
    32,
    33,
    34,
    35,
    36,
    37,
    38,
    39,
    40,
    41,
    42,
    43,
    44,
    45,
    47,
    48,
    49,
    50,
    53
  ],
  "vocab": {
    "1": 26,
    "2": 676,
    "3": 10300,
    "4": 37440,
    "5": 89896,
    "6": 137649,
    "7": 153088,
    "8": 142135,
    "9": 113321,
    "10": 82407,
    "11": 54157,
    "12": 33489,
    "13": 19734,
    "14": 11435,
    "15": 6636,
    "16": 4028,
    "17": 2292,
    "18": 1440,
    "19": 876,
    "20": 604,
    "21": 426,
    "22": 295,
    "23": 231,
    "24": 168,
    "25": 117,
    "26": 86,
    "27": 71,
    "28": 61,
    "29": 36,
    "30": 29,
    "31": 19,
    "32": 10,
    "33": 7,
    "34": 11,
    "35": 6,
    "36": 6,
    "37": 2,
    "38": 6,
    "39": 5,
    "40": 4,
    "41": 2,
    "42": 1,
    "43": 1,
    "44": 3,
    "45": 2,
    "47": 1,
    "48": 2,
    "49": 3,
    "50": 1,
    "53": 1
  },
  "tokenTotals": {
    "1": 33009445,
    "2": 95561853,
    "3": 127086257,
    "4": 120920149,
    "5": 59822232,
    "6": 36236412,
    "7": 27175007,
    "8": 15760784,
    "9": 9508380,
    "10": 5208997,
    "11": 2207407,
    "12": 1060495,
    "13": 515183,
    "14": 171288,
    "15": 85703,
    "16": 25565,
    "17": 7403,
    "18": 2645,
    "19": 1435,
    "20": 1027,
    "21": 509,
    "22": 353,
    "23": 276,
    "24": 219,
    "25": 155,
    "26": 95,
    "27": 75,
    "28": 95,
    "29": 41,
    "30": 34,
    "31": 31,
    "32": 13,
    "33": 7,
    "34": 22,
    "35": 6,
    "36": 6,
    "37": 2,
    "38": 23,
    "39": 10,
    "40": 5,
    "41": 2,
    "42": 1,
    "43": 1,
    "44": 3,
    "45": 2,
    "47": 1,
    "48": 2,
    "49": 3,
    "50": 1,
    "53": 1
  },
  "mu": {
    "1": 660188.9,
    "2": 1911237.06,
    "3": 2541725.14,
    "4": 2418402.98,
    "5": 1196444.6400000001,
    "6": 724728.24,
    "7": 543500.14,
    "8": 315215.68,
    "9": 475419,
    "10": 520899.7,
    "11": 220740.7,
    "12": 106049.5,
    "13": 77277.45000000001,
    "14": 25693.200000000004,
    "15": 17140.600000000002,
    "16": 5113,
    "17": 1850.75,
    "18": 661.25,
    "19": 358.75,
    "20": 256.75,
    "21": 127.25,
    "22": 88.25,
    "23": 69,
    "24": 54.75,
    "25": 38.75,
    "26": 23.75,
    "27": 18.75,
    "28": 23.75,
    "29": 10.25,
    "30": 8.5,
    "31": 7.75,
    "32": 3.25,
    "33": 1.75,
    "34": 5.5,
    "35": 1.5,
    "36": 1.5,
    "37": 0.5,
    "38": 5.75,
    "39": 2.5,
    "40": 1.25,
    "41": 0.5,
    "42": 0.25,
    "43": 0.25,
    "44": 0.75,
    "45": 0.5,
    "47": 0.25,
    "48": 0.5,
    "49": 0.75,
    "50": 0.25,
    "53": 0.25
  },
  "meta": {
    "alpha": 0.5,
    "muMode": "piecewise",
    "muFactorShort": 0.05,
    "muFactorLong": 0.1,
    "longThreshold": 8,
    "tau": 1,
    "builtAt": "2025-08-22T22:27:50.651Z"
  }
}